insert into ADDRESS (ID, CITY, COUNTRY, STREET, ZIPCODE) values (10001, 'Menggala', 'Indonesia', 'Harbort', 3998);
insert into ADDRESS (ID, CITY, COUNTRY, STREET, ZIPCODE) values (10002, 'Dancheng', 'China', 'Waubesa', 9984);
insert into ADDRESS (ID, CITY, COUNTRY, STREET, ZIPCODE) values (10003, 'Landskrona', 'Sweden', 'Bunker Hill', 5767);
insert into ADDRESS (ID, CITY, COUNTRY, STREET, ZIPCODE) values (10004, 'Falun', 'Sweden', 'Victoria', 1292);
insert into ADDRESS (ID, CITY, COUNTRY, STREET, ZIPCODE) values (10005, 'Bethel Town', 'Jamaica', 'Independence', 4464);
insert into ADDRESS (ID, CITY, COUNTRY, STREET, ZIPCODE) values (10006, 'Hepang', 'Indonesia', 'Morrow', 7565);
insert into ADDRESS (ID, CITY, COUNTRY, STREET, ZIPCODE) values (10007, 'Pederneiras', 'Brazil', 'Moland', 3476);
insert into ADDRESS (ID, CITY, COUNTRY, STREET, ZIPCODE) values (10008, 'Yuanqian', 'China', 'Browning', 6637);
insert into ADDRESS (ID, CITY, COUNTRY, STREET, ZIPCODE) values (10009, 'Yiwa', 'China', 'La Follette', 8740);
insert into ADDRESS (ID, CITY, COUNTRY, STREET, ZIPCODE) values (100010, 'Lagayan', 'Philippines', 'Prairieview', 9486);

insert into USER_TL (ID, NAME, PASSWORD, USERNAME, ADDRESS_ID) values (10001, 'Lucho', 'sws4WyvPYxrU', 'Terri', 10001);
insert into USER_TL (ID, NAME, PASSWORD, USERNAME, ADDRESS_ID) values (10002, 'Ricoriki', 'IB25LAV3XK', 'Arel', 10002);
insert into USER_TL (ID, NAME, PASSWORD, USERNAME, ADDRESS_ID) values (10003, 'Mayne', 'FWna7D6vk', 'Devonna', 10003);
insert into USER_TL (ID, NAME, PASSWORD, USERNAME, ADDRESS_ID) values (10004, 'Lydon', 'tZy7iUTWN', 'Roobbie', 10004);
insert into USER_TL (ID, NAME, PASSWORD, USERNAME, ADDRESS_ID) values (10005, 'Shanon', 'bl9zK1NoeavE', 'Clayborn', 10005);
insert into USER_TL (ID, NAME, PASSWORD, USERNAME, ADDRESS_ID) values (10006, 'Saba', 'pAKp3eYTn9', 'Vanessa', 10006);
insert into USER_TL (ID, NAME, PASSWORD, USERNAME, ADDRESS_ID) values (10007, 'Thorsten', 'nk78XV', 'Dukie', 10007);
insert into USER_TL (ID, NAME, PASSWORD, USERNAME, ADDRESS_ID) values (10008, 'Anne-corinne', 'f2zo85wTw3', 'Beverie', 10008);
insert into USER_TL (ID, NAME, PASSWORD, USERNAME, ADDRESS_ID) values (10009, 'Abelard', 'CddisqDxKKr', 'Aimee', 10009);
insert into USER_TL (ID, NAME, PASSWORD, USERNAME, ADDRESS_ID) values (100010, 'Rooney', '1XZH088', 'Edithe', 100010);

insert into TODO (ID, COMPLETED, TITLE, USER_ID) values (10001, false, 'encompassing', 10009);
insert into TODO (ID, COMPLETED, TITLE, USER_ID) values (10002, false, 'structure', 100010);
insert into TODO (ID, COMPLETED, TITLE, USER_ID) values (10003, true, 'coherent', 100010);
insert into TODO (ID, COMPLETED, TITLE, USER_ID) values (10004, true, 'Versatile', 10001);
insert into TODO (ID, COMPLETED, TITLE, USER_ID) values (10005, false, 'Secured', 10001);
insert into TODO (ID, COMPLETED, TITLE, USER_ID) values (10006, true, 'uniform', 10008);
insert into TODO (ID, COMPLETED, TITLE, USER_ID) values (10007, false, 'definition', 10007);
insert into TODO (ID, COMPLETED, TITLE, USER_ID) values (10008, true, 'core', 10008);
insert into TODO (ID, COMPLETED, TITLE, USER_ID) values (10009, true, 'Persevering', 10005);
insert into TODO (ID, COMPLETED, TITLE, USER_ID) values (100010, false, 'heuristic', 10007);
insert into TODO (ID, COMPLETED, TITLE, USER_ID) values (100011, true, 'stable', 10007);
insert into TODO (ID, COMPLETED, TITLE, USER_ID) values (100012, true, 'functionalities', 10006);
insert into TODO (ID, COMPLETED, TITLE, USER_ID) values (100013, true, 'grid-enabled', 100010);
insert into TODO (ID, COMPLETED, TITLE, USER_ID) values (100014, false, 'bi-directional', 10002);
insert into TODO (ID, COMPLETED, TITLE, USER_ID) values (100015, false, 'array', 10002);
insert into TODO (ID, COMPLETED, TITLE, USER_ID) values (100016, false, 'array', 100010);
insert into TODO (ID, COMPLETED, TITLE, USER_ID) values (100017, true, 'Assimilated', 100010);
insert into TODO (ID, COMPLETED, TITLE, USER_ID) values (100018, true, 'dedicated', 10005);
insert into TODO (ID, COMPLETED, TITLE, USER_ID) values (100019, false, 'process improvement', 10003);
insert into TODO (ID, COMPLETED, TITLE, USER_ID) values (100020, false, 'Horizontal', 10008);
insert into TODO (ID, COMPLETED, TITLE, USER_ID) values (100021, false, 'policy', 10005);
insert into TODO (ID, COMPLETED, TITLE, USER_ID) values (100022, false, 'Adaptive', 10004);
insert into TODO (ID, COMPLETED, TITLE, USER_ID) values (100023, false, 'alliance', 10001);
insert into TODO (ID, COMPLETED, TITLE, USER_ID) values (100024, true, 'empowering', 10001);
insert into TODO (ID, COMPLETED, TITLE, USER_ID) values (100025, true, 'high-level', 10004);
insert into TODO (ID, COMPLETED, TITLE, USER_ID) values (100026, true, 'focus group', 10004);
insert into TODO (ID, COMPLETED, TITLE, USER_ID) values (100027, true, 'Ergonomic', 100010);
insert into TODO (ID, COMPLETED, TITLE, USER_ID) values (100028, true, 'high-level', 10003);
insert into TODO (ID, COMPLETED, TITLE, USER_ID) values (100029, true, 'Innovative', 10004);
insert into TODO (ID, COMPLETED, TITLE, USER_ID) values (100030, false, 'intermediate', 10001);
insert into TODO (ID, COMPLETED, TITLE, USER_ID) values (100031, false, 'Self-enabling', 10001);
insert into TODO (ID, COMPLETED, TITLE, USER_ID) values (100032, true, 'interactive', 10007);
insert into TODO (ID, COMPLETED, TITLE, USER_ID) values (100033, false, 'Cross-group', 10001);
insert into TODO (ID, COMPLETED, TITLE, USER_ID) values (100034, false, 'Synergistic', 100010);
insert into TODO (ID, COMPLETED, TITLE, USER_ID) values (100035, true, 'Customizable', 10006);
insert into TODO (ID, COMPLETED, TITLE, USER_ID) values (100036, true, 'regional', 10003);
insert into TODO (ID, COMPLETED, TITLE, USER_ID) values (100037, true, 'methodology', 10005);
insert into TODO (ID, COMPLETED, TITLE, USER_ID) values (100038, true, 'alliance', 10003);
insert into TODO (ID, COMPLETED, TITLE, USER_ID) values (100039, true, 'fault-tolerant', 10002);
insert into TODO (ID, COMPLETED, TITLE, USER_ID) values (100040, false, 'Persevering', 100010);
insert into TODO (ID, COMPLETED, TITLE, USER_ID) values (100041, true, 'Versatile', 10005);
insert into TODO (ID, COMPLETED, TITLE, USER_ID) values (100042, true, 'Team-oriented', 10008);
insert into TODO (ID, COMPLETED, TITLE, USER_ID) values (100043, false, 'attitude', 10006);
insert into TODO (ID, COMPLETED, TITLE, USER_ID) values (100044, false, 'clear-thinking', 100010);
insert into TODO (ID, COMPLETED, TITLE, USER_ID) values (100045, false, '3rd generation', 10005);
insert into TODO (ID, COMPLETED, TITLE, USER_ID) values (100046, true, 'Decentralized', 10006);
insert into TODO (ID, COMPLETED, TITLE, USER_ID) values (100047, true, 'Switchable', 10002);
insert into TODO (ID, COMPLETED, TITLE, USER_ID) values (100048, false, 'neural-net', 10004);
insert into TODO (ID, COMPLETED, TITLE, USER_ID) values (100049, false, 'Organic', 10002);
insert into TODO (ID, COMPLETED, TITLE, USER_ID) values (100050, true, 'Stand-alone', 10008);